journal,issue_dir,year,month,n_articles_total,n_front_matter,n_excluded_type,n_with_abstract,n_missing_abstract,anomalies
AER,AER201501_1,2015,1,16,1,1,15,1,
AER,AER201502_2,2015,2,15,1,1,14,1,
AER,AER201503_3,2015,3,13,1,1,12,1,
AER,AER201504_4,2015,4,12,1,1,11,1,
AER,AER201505_5,2015,5,142,,142,,,pp_issue_excluded
AER,AER201506_6,2015,6,10,1,1,7,3,
AER,AER201507_7,2015,7,14,1,5,13,1,
AER,AER201508_8,2015,8,13,1,1,12,1,
AER,AER201509_9,2015,9,7,1,1,6,1,
AER,AER201510_10,2015,10,9,1,1,8,1,
AER,AER201511_11,2015,11,10,1,1,9,1,
AER,AER201512_12,2015,12,9,1,1,8,1,
AER,AER201601_1,2016,1,8,1,1,7,1,
AER,AER201602_2,2016,2,10,1,3,7,3,
AER,AER201603_3,2016,3,15,1,5,14,1,
AER,AER201604_4,2016,4,13,1,4,12,1,
AER,AER201605_5,2016,5,146,,146,,,pp_issue_excluded
AER,AER201606_6,2016,6,14,1,2,11,3,
AER,AER201607_7,2016,7,13,1,2,11,2,
AER,AER201608_8,2016,8,14,1,1,13,1,
AER,AER201609_9,2016,9,14,1,1,14,0,
AER,AER201610_10,2016,10,15,1,3,14,1,
AER,AER201611_11,2016,11,13,1,1,12,1,
AER,AER201612_12,2016,12,12,1,3,11,1,
AER,AER201701_1,2017,1,10,1,1,9,1,
AER,AER201702_2,2017,2,13,1,3,12,1,
AER,AER201703_3,2017,3,10,1,1,9,1,
AER,AER201704_4,2017,4,15,1,2,14,1,
AER,AER201705_5,2017,5,151,,151,,,pp_issue_excluded
AER,AER201706_6,2017,6,13,1,3,11,2,
AER,AER201707_7,2017,7,13,1,1,12,1,
AER,AER201708_8,2017,8,10,1,1,9,1,
AER,AER201709_9,2017,9,12,1,1,11,1,
AER,AER201710_10,2017,10,16,1,4,16,0,
AER,AER201711_11,2017,11,13,1,1,12,1,
AER,AER201712_12,2017,12,9,1,1,8,1,
AER,AER201801_1,2018,1,7,1,1,6,1,
AER,AER201802_2,2018,2,13,1,3,12,1,
AER,AER201803_3,2018,3,9,1,1,8,1,
AER,AER201804_4,2018,4,12,1,3,11,1,
AER,AER201804_4-5,2018,4,,,,,,duplicate_dir_excluded;missing_issue_file:article_metadata.json
AER,AER201806_6,2018,6,12,1,1,10,2,
AER,AER201807_7,2018,7,11,1,1,10,1,
AER,AER201808_8,2018,8,12,1,2,11,1,
AER,AER201809_9,2018,9,13,1,3,12,1,
AER,AER201810_10,2018,10,12,1,3,10,2,
AER,AER201811_11,2018,11,12,1,1,11,1,
AER,AER201812_12,2018,12,12,1,1,11,1,
AER,AER201901_1,2019,1,11,1,2,10,1,
AER,AER201902_2,2019,2,12,1,1,11,1,
AER,AER201903_3,2019,3,14,1,3,13,1,
AER,AER201904_4,2019,4,14,1,2,12,2,
AER,AER201905_5,2019,5,12,1,2,11,1,
AER,AER201906_6,2019,6,13,1,1,9,4,
AER,AER201907_7,2019,7,11,1,3,10,1,
AER,AER201908_8,2019,8,11,1,1,10,1,
AER,AER201909_9,2019,9,11,1,1,10,1,
AER,AER201910_10,2019,10,10,1,1,9,1,
AER,AER201911_11,2019,11,11,1,1,10,1,
AER,AER201912_12,2019,12,10,1,1,9,1,
AER,AER202001_1,2020,1,10,1,1,9,1,
AER,AER202002_2,2020,2,9,1,1,8,1,
AER,AER202003_3,2020,3,11,1,1,10,1,
AER,AER202004_4,2020,4,11,1,3,10,1,
AER,AER202005_5,2020,5,11,1,1,10,1,
AER,AER202006_6,2020,6,12,1,3,10,2,
AER,AER202007_7,2020,7,12,1,1,9,3,
AER,AER202008_8,2020,8,11,1,1,10,1,
AER,AER202009_9,2020,9,11,1,1,10,1,
AER,AER202010_10,2020,10,11,1,1,10,1,
AER,AER202011_11,2020,11,11,1,1,10,1,
AER,AER202012_12,2020,12,11,1,3,10,1,
AER,AER202101_1,2021,1,11,1,1,10,1,
AER,AER202102_2,2021,2,12,1,2,10,2,
AER,AER202103_3,2021,3,9,1,1,8,1,
AER,AER202104_4,2021,4,11,1,3,10,1,
AER,AER202105_5,2021,5,11,1,1,9,2,
AER,AER202106_6,2021,6,11,1,1,9,2,
AER,AER202107_7,2021,7,11,1,1,10,1,
AER,AER202108_8,2021,8,11,1,1,10,1,
AER,AER202109_9,2021,9,11,1,1,10,1,
AER,AER202110_10,2021,10,11,1,1,10,1,
AER,AER202111_11,2021,11,10,1,1,9,1,
AER,AER202112_12,2021,12,9,1,1,8,1,
AER,AER202201_1,2022,1,11,1,1,10,1,
AER,AER202202_2,2022,2,10,1,1,9,1,
AER,AER202203_3,2022,3,11,1,1,10,1,
AER,AER202204_4,2022,4,11,1,1,10,1,
AER,AER202205_5,2022,5,12,1,1,10,2,
AER,AER202206_6,2022,6,12,1,1,10,2,
AER,AER202207_7,2022,7,11,1,1,10,1,
AER,AER202208_8,2022,8,11,1,1,10,1,
AER,AER202209_9,2022,9,11,1,3,10,1,
AER,AER202210_10,2022,10,10,1,1,9,1,
AER,AER202211_11,2022,11,10,1,1,9,1,
AER,AER202212_12,2022,12,9,1,1,8,1,
AER,AER202301_1,2023,1,9,1,1,8,1,
AER,AER202302_2,2023,2,9,1,1,8,1,
AER,AER202303_3,2023,3,9,1,1,8,1,
AER,AER202304_4,2023,4,9,1,1,8,1,
AER,AER202305_5,2023,5,8,1,2,7,1,
AER,AER202306_6,2023,6,10,1,2,8,2,
AER,AER202307_7,2023,7,11,1,2,9,2,
AER,AER202308_8,2023,8,8,1,2,7,1,
AER,AER202309_9,2023,9,8,1,1,7,1,
AER,AER202310_10,2023,10,9,1,1,8,1,
AER,AER202311_11,2023,11,9,1,1,8,1,
AER,AER202312_12,2023,12,9,1,2,8,1,
AER,AER202401_1,2024,1,9,1,1,8,1,
AER,AER202402_2,2024,2,9,1,1,8,1,
AER,AER202403_3,2024,3,9,1,1,8,1,
AER,AER202404_4,2024,4,10,1,1,9,1,
AER,AER202405_5,2024,5,9,1,1,8,1,
AER,AER202406_6,2024,6,11,1,2,9,2,
AER,AER202407_7,2024,7,11,1,1,10,1,
AER,AER202408_8,2024,8,11,1,1,10,1,
AER,AER202409_9,2024,9,11,1,1,10,1,
AER,AER202410_10,2024,10,11,1,1,10,1,
AER,AER202411_11,2024,11,11,1,1,10,1,
AER,AER202412_12,2024,12,11,1,1,10,1,
AER,AER202501_1,2025,1,11,1,1,10,1,
AER,AER202502_2,2025,2,11,1,1,10,1,
AER,AER202503_3,2025,3,9,1,1,8,1,
AER,AER202504_4,2025,4,9,1,2,8,1,
AER,AER202505_5,2025,5,10,1,2,9,1,
AER,AER202506_6,2025,6,12,1,4,9,3,
AER,AER202507_7,2025,7,10,1,1,9,1,
AER,AER202508_8,2025,8,12,1,2,11,1,
AER,AER202509_9,2025,9,12,1,1,11,1,
AER,AER202510_10,2025,10,11,1,1,10,1,
AER,AER202511_11,2025,11,13,1,1,12,1,
AER,AER202512_12,2025,12,13,1,1,12,1,
AER,AER202601_1,2026,1,11,1,1,10,1,
AER,AER202602_2,2026,2,11,1,1,10,1,
AER,AER202603_3,2026,3,11,1,1,10,1,
AER,AER202604_4,2026,4,11,1,1,10,1,
AER,AER202605_5,2026,5,11,0,1,10,1,
AER,AER202606_6,2026,6,10,0,1,8,2,
AER,AER202607_7,2026,7,,,,,,missing_issue_file:article_metadata.json
AER,AER202608_8,2026,8,,,,,,missing_issue_file:article_metadata.json
AER,AER202609_9,2026,9,,,,,,missing_issue_file:article_metadata.json
ECMA,ECMA201501_1,2015,1,29,0,12,12,17,issue_level_duplicates:10;extraction_error:ecta831forth
ECMA,ECMA201503_2,2015,3,15,0,3,11,4,issue_level_duplicates:11;extraction_error:ecta832forth
ECMA,ECMA201505_3,2015,5,16,0,4,10,6,issue_level_duplicates:10;extraction_error:ecta833forth
ECMA,ECMA201507_4,2015,7,18,0,4,11,7,issue_level_duplicates:11;extraction_error:ecta834forth;extraction_error:ecta834fes
ECMA,ECMA201509_5,2015,9,14,0,3,11,3,issue_level_duplicates:12;extraction_error:ecta835forth
ECMA,ECMA201511_6,2015,11,13,0,4,9,4,issue_level_duplicates:10;extraction_error:ecta836forth
ECMA,ECMA201601_1,2016,1,18,0,10,9,9,issue_level_duplicates:10;extraction_error:ecta841forth
ECMA,ECMA201603_2,2016,3,14,0,3,11,3,issue_level_duplicates:12;extraction_error:ecta842forth
ECMA,ECMA201605_3,2016,5,14,0,3,11,3,issue_level_duplicates:12;extraction_error:ecta843forth
ECMA,ECMA201607_4,2016,7,13,0,4,8,5,issue_level_duplicates:9;extraction_error:ecta844forth
ECMA,ECMA201609_5,2016,9,12,0,3,9,3,issue_level_duplicates:10;extraction_error:ecta845forth
ECMA,ECMA201611_6,2016,11,12,0,4,8,4,issue_level_duplicates:9;extraction_error:ecta846forth
ECMA,ECMA201701_1,2017,1,18,0,9,9,9,issue_level_duplicates:10;extraction_error:ecta851forth
ECMA,ECMA201703_2,2017,3,15,0,3,12,3,issue_level_duplicates:13;extraction_error:ecta852forth
ECMA,ECMA201705_3,2017,5,14,0,3,11,3,issue_level_duplicates:12;extraction_error:ecta853forth
ECMA,ECMA201707_4,2017,7,15,0,4,10,5,issue_level_duplicates:11;extraction_error:ecta854forth
ECMA,ECMA201709_5,2017,9,13,0,3,10,3,issue_level_duplicates:11;extraction_error:ecta855forth
ECMA,ECMA201711_6,2017,11,14,0,4,10,4,issue_level_duplicates:11;extraction_error:ecta856forth
ECMA,ECMA201801_1,2018,1,18,0,9,9,9,issue_level_duplicates:10;extraction_error:ecta861forth
ECMA,ECMA201803_2,2018,3,15,0,3,12,3,issue_level_duplicates:13;extraction_error:ecta862forth
ECMA,ECMA201805_3,2018,5,11,0,3,8,3,issue_level_duplicates:9;extraction_error:ecta863forth
ECMA,ECMA201807_4,2018,7,17,0,6,13,4,issue_level_duplicates:14;extraction_error:ecta864forth
ECMA,ECMA201809_5,2018,9,15,0,3,11,4,issue_level_duplicates:12;extraction_error:ecta865forth
ECMA,ECMA201811_6,2018,11,14,0,4,10,4,issue_level_duplicates:11;extraction_error:ecta866forth
ECMA,ECMA201901_1,2019,1,19,0,9,10,9,issue_level_duplicates:11;extraction_error:ecta871forth
ECMA,ECMA201903_2,2019,3,13,0,3,10,3,issue_level_duplicates:11;extraction_error:ecta872forth
ECMA,ECMA201905_3,2019,5,12,0,3,8,4,issue_level_duplicates:9;extraction_error:ecta873forth
ECMA,ECMA201907_4,2019,7,14,0,4,10,4,issue_level_duplicates:11;extraction_error:ecta874forth
ECMA,ECMA201909_5,2019,9,15,0,5,10,5,issue_level_duplicates:13;extraction_error:ecta875ed;extraction_error:ecta16051;extraction_error:ecta875forth
ECMA,ECMA201911_6,2019,11,13,0,4,9,4,issue_level_duplicates:10;extraction_error:ecta876forth
ECMA,ECMA202001_1,2020,1,18,0,9,9,9,issue_level_duplicates:10;extraction_error:ecta881forth
ECMA,ECMA202003_2,2020,3,14,0,2,12,2,issue_level_duplicates:13;extraction_error:ecta882forth
ECMA,ECMA202005_3,2020,5,15,0,2,12,3,issue_level_duplicates:13;extraction_error:ecta883forth
ECMA,ECMA202007_4,2020,7,23,0,8,16,7,issue_level_duplicates:23;extraction_error:ecta884ed;extraction_error:ecta18011;extraction_error:ecta884forth;extraction_error:ecta884fes
ECMA,ECMA202009_5,2020,9,17,0,4,13,4,issue_level_duplicates:14;extraction_error:ecta885forth
ECMA,ECMA202011_6,2020,11,21,0,6,15,6,issue_level_duplicates:21;extraction_error:ecta18789;extraction_error:ecta18786;extraction_error:ecta886forth
ECMA,ECMA202101_1,2021,1,25,0,9,16,9,issue_level_duplicates:17;extraction_error:ecta891forth
ECMA,ECMA202103_2,2021,3,19,0,3,14,5,issue_level_duplicates:16;extraction_error:ecta19347;extraction_error:ecta892forth
ECMA,ECMA202105_3,2021,5,19,0,6,13,6,issue_level_duplicates:17;extraction_error:ecta18810;extraction_error:ecta18868;extraction_error:ecta893forth
ECMA,ECMA202107_4,2021,7,23,0,8,16,7,issue_level_duplicates:17;extraction_error:ecta894forth
ECMA,ECMA202109_5,2021,9,19,0,3,16,3,issue_level_duplicates:17;extraction_error:ecta895forth
ECMA,ECMA202111_6,2021,11,17,0,3,14,3,issue_level_duplicates:15;extraction_error:ecta896forth
ECMA,ECMA202201_1,2022,1,24,0,11,13,11,issue_level_duplicates:20;extraction_error:ecta19597;extraction_error:ecta19897;extraction_error:ecta901forth
ECMA,ECMA202203_2,2022,3,17,0,3,13,4,issue_level_duplicates:14;extraction_error:ecta902forth
ECMA,ECMA202205_3,2022,5,18,0,4,14,4,issue_level_duplicates:15;extraction_error:ecta903forth
ECMA,ECMA202207_4,2022,7,22,0,7,17,5,issue_level_duplicates:19;extraction_error:ecta904forth;extraction_error:ecta20516
ECMA,ECMA202209_5,2022,9,20,0,4,16,4,issue_level_duplicates:18;extraction_error:ecta905ed;extraction_error:ecta905forth
ECMA,ECMA202211_6,2022,11,17,0,4,13,4,issue_level_duplicates:14;extraction_error:ecta906forth
ECMA,ECMA202301_1,2023,1,19,0,11,8,11,issue_level_duplicates:15;extraction_error:ecta20460;extraction_error:ecta20537;extraction_error:ecta911forth
ECMA,ECMA202303_2,2023,3,15,0,3,11,4,issue_level_duplicates:12;extraction_error:ecta912forth
ECMA,ECMA202305_3,2023,5,19,0,8,11,8,issue_level_duplicates:13;extraction_error:ecta913forth;extraction_error:ecta21641
ECMA,ECMA202307_4,2023,7,15,0,4,11,4,issue_level_duplicates:12;extraction_error:ecta914forth
ECMA,ECMA202309_5,2023,9,13,0,3,10,3,issue_level_duplicates:11;extraction_error:ecta915forth
ECMA,ECMA202311_6,2023,11,23,0,9,16,7,issue_level_duplicates:21;extraction_error:ecta22218;extraction_error:ecta22318;extraction_error:ecta22088;extraction_error:ecta22251;extraction_error:ecta916forth
ECMA,ECMA202401_1,2024,1,18,0,10,8,10,issue_level_duplicates:10;extraction_error:ecta21843;extraction_error:ecta921forth
ECMA,ECMA202403_2,2024,3,13,0,3,9,4,issue_level_duplicates:10;extraction_error:ecta922forth
ECMA,ECMA202405_3,2024,5,17,0,8,12,5,issue_level_duplicates:19;missing_article_content:ecta923bm;missing_article_content:ecta923fm;missing_article_content:ecta923pres;extraction_error:ecta22384;extraction_error:ecta923forth
ECMA,ECMA202407_4,2024,7,16,0,6,11,5,issue_level_duplicates:16;extraction_error:ecta22781;extraction_error:ecta22811;extraction_error:ecta924forth
ECMA,ECMA202409_5,2024,9,16,0,4,12,4,issue_level_duplicates:13;extraction_error:ecta22442
ECMA,ECMA202411_6,2024,11,12,0,2,10,2,issue_level_duplicates:10
ECMA,ECMA202501_1,2025,1,17,0,8,9,8,issue_level_duplicates:8
ECMA,ECMA202503_2,2025,3,15,0,3,11,4,extraction_error:ecta20203
ECMA,ECMA202505_3,2025,5,13,0,3,10,3,
ECMA,ECMA202507_4,2025,7,18,0,8,11,7,issue_level_duplicates:1;extraction_error:ecta23706;extraction_error:ecta934fes;extraction_error:ecta23441
ECMA,ECMA202509_5,2025,9,15,0,3,12,3,extraction_error:ecta23148
ECMA,ECMA202511_6,2025,11,14,0,5,10,4,issue_level_duplicates:1;extraction_error:ecta24429;extraction_error:ecta24596
ECMA,ECMA202601_1,2026,1,16,0,8,8,8,orphan_article_dirs:ecta941eds
ECMA,ECMA202603_2,2026,3,14,0,2,11,3,
ECMA,ECMA202605_3,2026,5,17,0,7,0,17,
ECMA,ECMA202607_4,2026,7,15,0,3,0,15,
JPE,JPE201502_1,2015,2,8,0,1,5,3,
JPE,JPE201504_2,2015,4,9,0,0,6,3,
JPE,JPE201506_3,2015,6,7,0,0,5,2,
JPE,JPE201508_4,2015,8,9,0,0,5,4,
JPE,JPE201510_5,2015,10,9,0,1,6,3,
JPE,JPE201512_6,2015,12,9,0,0,6,3,
JPE,JPE201602_1,2016,2,10,0,2,6,4,
JPE,JPE201604_2,2016,4,9,0,1,6,3,
JPE,JPE201606_3,2016,6,9,0,1,6,3,
JPE,JPE201608_4,2016,8,10,0,1,7,3,
JPE,JPE201610_5,2016,10,10,0,1,7,3,
JPE,JPE201612_6,2016,12,11,0,1,7,4,
JPE,JPE201702_1,2017,2,11,0,1,7,4,
JPE,JPE201704_2,2017,4,11,0,2,7,4,
JPE,JPE201706_3,2017,6,10,0,1,7,3,
JPE,JPE201708_4,2017,8,10,0,1,7,3,
JPE,JPE201710_5,2017,10,13,0,1,10,3,
JPE,JPE201712_6,2017,12,41,0,1,6,35,
JPE,JPE201802_1,2018,2,14,0,1,11,3,
JPE,JPE201804_2,2018,4,14,0,2,10,4,
JPE,JPE201806_3,2018,6,12,0,1,9,3,
JPE,JPE201808_4,2018,8,13,0,1,10,3,
JPE,JPE201810_5,2018,10,12,0,1,9,3,
JPE,JPE201810_S1,2018,10,8,0,1,6,2,
JPE,JPE201812_6,2018,12,16,0,1,11,5,
JPE,JPE201902_1,2019,2,16,0,1,11,5,
JPE,JPE201904_2,2019,4,16,0,2,11,5,
JPE,JPE201906_3,2019,6,16,0,1,12,4,
JPE,JPE201908_4,2019,8,16,0,1,12,4,
JPE,JPE201910_5,2019,10,17,0,2,12,5,
JPE,JPE201912_6,2019,12,16,0,1,11,5,
JPE,JPE202001_1,2020,1,13,0,1,9,4,
JPE,JPE202002_2,2020,2,14,0,1,10,4,
JPE,JPE202003_3,2020,3,13,0,1,9,4,
JPE,JPE202004_4,2020,4,14,0,1,10,4,
JPE,JPE202005_5,2020,5,16,0,2,10,6,
JPE,JPE202006_6,2020,6,12,0,1,8,4,
JPE,JPE202007_7,2020,7,13,0,1,9,4,
JPE,JPE202008_8,2020,8,13,0,1,9,4,
JPE,JPE202009_9,2020,9,12,0,1,8,4,
JPE,JPE202010_10,2020,10,13,0,1,7,6,
JPE,JPE202011_11,2020,11,12,0,2,7,5,
JPE,JPE202012_12,2020,12,12,0,2,6,6,
JPE,JPE202101_1,2021,1,12,0,1,8,4,
JPE,JPE202102_2,2021,2,14,0,2,8,6,
JPE,JPE202103_3,2021,3,11,0,1,7,4,
JPE,JPE202104_4,2021,4,12,0,1,8,4,
JPE,JPE202105_5,2021,5,13,0,1,9,4,
JPE,JPE202106_6,2021,6,10,0,1,6,4,
JPE,JPE202107_7,2021,7,10,0,1,6,4,
JPE,JPE202108_8,2021,8,11,0,1,7,4,
JPE,JPE202109_9,2021,9,10,0,1,6,4,
JPE,JPE202110_10,2021,10,10,0,1,6,4,
JPE,JPE202111_11,2021,11,10,0,1,6,4,
JPE,JPE202112_12,2021,12,11,0,1,6,5,
JPE,JPE202201_1,2022,1,10,0,1,6,4,
JPE,JPE202202_2,2022,2,10,0,1,6,4,
JPE,JPE202203_3,2022,3,10,0,1,6,4,
JPE,JPE202204_4,2022,4,10,0,1,6,4,
JPE,JPE202205_5,2022,5,11,0,1,5,6,
JPE,JPE202206_6,2022,6,10,0,1,6,4,
JPE,JPE202207_7,2022,7,10,0,1,5,5,
JPE,JPE202208_8,2022,8,11,0,2,6,5,
JPE,JPE202209_9,2022,9,10,0,1,6,4,
JPE,JPE202210_10,2022,10,10,0,1,6,4,
JPE,JPE202211_11,2022,11,10,0,1,6,4,
JPE,JPE202212_12,2022,12,11,0,1,6,5,
JPE,JPE202301_1,2023,1,10,0,1,6,4,
JPE,JPE202302_2,2023,2,11,0,1,6,5,
JPE,JPE202303_3,2023,3,10,0,1,6,4,
JPE,JPE202304_4,2023,4,10,0,1,6,4,
JPE,JPE202305_5,2023,5,10,0,1,5,5,
JPE,JPE202306_6,2023,6,9,0,1,6,3,
JPE,JPE202307_7,2023,7,10,0,1,7,3,
JPE,JPE202308_8,2023,8,12,0,2,7,5,
JPE,JPE202309_9,2023,9,10,0,1,7,3,
JPE,JPE202310_10,2023,10,11,0,3,7,4,
JPE,JPE202311_11,2023,11,10,0,1,7,3,
JPE,JPE202312_12,2023,12,11,0,1,7,4,
JPE,JPE202401_1,2024,1,10,0,1,7,3,
JPE,JPE202402_2,2024,2,11,0,1,8,3,
JPE,JPE202403_3,2024,3,10,0,1,7,3,
JPE,JPE202404_4,2024,4,10,0,1,7,3,
JPE,JPE202405_5,2024,5,11,0,1,8,3,
JPE,JPE202406_6,2024,6,11,0,1,8,3,
JPE,JPE202407_7,2024,7,11,0,1,8,3,
JPE,JPE202408_8,2024,8,11,0,1,8,3,
JPE,JPE202409_9,2024,9,11,0,1,8,3,
JPE,JPE202410_10,2024,10,11,0,1,8,3,
JPE,JPE202411_11,2024,11,11,0,1,8,3,
JPE,JPE202412_12,2024,12,13,0,2,7,6,
JPE,JPE202501_1,2025,1,11,0,1,8,3,
JPE,JPE202502_2,2025,2,12,0,1,8,4,
JPE,JPE202503_3,2025,3,11,0,1,8,3,
JPE,JPE202504_4,2025,4,10,0,1,6,4,
JPE,JPE202505_5,2025,5,11,0,1,7,4,
JPE,JPE202506_6,2025,6,10,0,1,7,3,
JPE,JPE202507_7,2025,7,10,0,1,7,3,
JPE,JPE202508_8,2025,8,10,0,1,7,3,
JPE,JPE202509_9,2025,9,11,0,1,8,3,
JPE,JPE202510_10,2025,10,11,0,1,8,3,
JPE,JPE202511_11,2025,11,12,0,2,7,5,
JPE,JPE202512_12,2025,12,12,0,1,8,4,
JPE,JPE202601_1,2026,1,14,0,1,11,3,
JPE,JPE202602_2,2026,2,10,0,1,7,3,
JPE,JPE202603_3,2026,3,8,0,1,5,3,
JPE,JPE202604_4,2026,4,8,0,1,5,3,
JPE,JPE202605_5,2026,5,9,0,1,6,3,
QJE,QJE201502_1,2015,2,14,0,1,10,4,
QJE,QJE201505_2,2015,5,15,0,2,10,5,
QJE,QJE201508_3,2015,8,14,0,1,10,4,
QJE,QJE201511_4,2015,11,14,0,1,10,4,
QJE,QJE201602_1,2016,2,15,0,2,10,5,
QJE,QJE201605_2,2016,5,15,0,2,10,5,
QJE,QJE201608_3,2016,8,15,0,2,10,5,
QJE,QJE201611_4,2016,11,15,0,2,10,5,
QJE,QJE201702_1,2017,2,10,0,0,10,0,
QJE,QJE201705_2,2017,5,10,0,0,10,0,
QJE,QJE201708_3,2017,8,11,0,1,10,1,
QJE,QJE201711_4,2017,11,12,0,2,10,2,
QJE,QJE201802_1,2018,2,10,0,0,10,0,
QJE,QJE201805_2,2018,5,10,0,0,10,0,
QJE,QJE201808_3,2018,8,10,0,0,10,0,
QJE,QJE201811_4,2018,11,10,0,0,10,0,
QJE,QJE201902_1,2019,2,10,0,0,10,0,
QJE,QJE201905_2,2019,5,11,0,0,10,1,
QJE,QJE201908_3,2019,8,10,0,0,10,0,
QJE,QJE201911_4,2019,11,10,0,0,10,0,
QJE,QJE202002_1,2020,2,10,0,0,10,0,
QJE,QJE202005_2,2020,5,11,0,0,10,1,
QJE,QJE202008_3,2020,8,10,0,0,10,0,
QJE,QJE202011_4,2020,11,10,0,0,10,0,
QJE,QJE202102_1,2021,2,12,0,0,12,0,
QJE,QJE202105_2,2021,5,13,0,0,12,1,
QJE,QJE202108_3,2021,8,12,0,0,12,0,
QJE,QJE202111_4,2021,11,12,0,0,12,0,
QJE,QJE202202_1,2022,2,12,0,0,12,0,
QJE,QJE202205_2,2022,5,13,0,0,12,1,
QJE,QJE202208_3,2022,8,12,0,0,12,0,
QJE,QJE202211_4,2022,11,12,0,0,12,0,
QJE,QJE202302_1,2023,2,12,0,0,12,0,
QJE,QJE202305_2,2023,5,13,0,0,12,1,
QJE,QJE202308_3,2023,8,12,0,0,12,0,
QJE,QJE202311_4,2023,11,12,0,0,12,0,
QJE,QJE202402_1,2024,2,12,0,0,12,0,
QJE,QJE202405_2,2024,5,13,0,0,12,1,
QJE,QJE202408_3,2024,8,12,0,0,12,0,
QJE,QJE202411_4,2024,11,12,0,0,12,0,
QJE,QJE202502_1,2025,2,15,0,0,15,0,
QJE,QJE202505_2,2025,5,16,0,0,15,1,
QJE,QJE202508_3,2025,8,15,0,0,15,0,
QJE,QJE202511_4,2025,11,15,0,0,15,0,
QJE,QJE202602_1,2026,2,15,0,0,15,0,
QJE,QJE202605_2,2026,5,16,0,0,15,1,
QJE,QJE202608_3,2026,8,15,0,0,15,0,
REStud,REStud201501_1,2015,1,12,0,0,12,0,
REStud,REStud201504_2,2015,4,12,0,0,12,0,
REStud,REStud201507_3,2015,7,11,0,0,11,0,
REStud,REStud201510_4,2015,10,13,0,1,13,0,
REStud,REStud201601_1,2016,1,13,0,0,12,1,
REStud,REStud201604_2,2016,4,12,0,0,12,0,
REStud,REStud201607_3,2016,7,13,0,1,12,1,
REStud,REStud201610_4,2016,10,14,0,0,14,0,
REStud,REStud201701_1,2017,1,14,0,0,0,14,
REStud,REStud201704_2,2017,4,14,0,2,2,12,
REStud,REStud201707_3,2017,7,12,0,0,12,0,
REStud,REStud201710_4,2017,10,16,0,2,14,2,
REStud,REStud201801_1,2018,1,18,0,0,18,0,
REStud,REStud201804_2,2018,4,18,0,0,18,0,
REStud,REStud201807_3,2018,7,16,0,1,15,1,
REStud,REStud201810_4,2018,10,15,0,0,15,0,
REStud,REStud201901_1,2019,1,12,0,0,12,0,
REStud,REStud201903_2,2019,3,14,0,0,14,0,
REStud,REStud201905_3,2019,5,14,0,0,14,0,
REStud,REStud201907_4,2019,7,12,0,0,12,0,
REStud,REStud201910_5,2019,10,13,0,1,12,1,
REStud,REStud201911_6,2019,11,13,0,1,12,1,
REStud,REStud202001_1,2020,1,14,0,0,14,0,
REStud,REStud202003_2,2020,3,15,0,1,14,1,
REStud,REStud202005_3,2020,5,13,0,0,13,0,
REStud,REStud202007_4,2020,7,12,0,0,12,0,
REStud,REStud202010_5,2020,10,13,0,0,13,0,
REStud,REStud202011_6,2020,11,14,0,0,14,0,
REStud,REStud202101_1,2021,1,14,0,0,14,0,
REStud,REStud202103_2,2021,3,14,0,0,14,0,
REStud,REStud202105_3,2021,5,15,0,0,15,0,
REStud,REStud202107_4,2021,7,15,0,0,15,0,
REStud,REStud202110_5,2021,10,17,0,3,14,3,
REStud,REStud202111_6,2021,11,16,0,1,15,1,
REStud,REStud202201_1,2022,1,16,0,1,15,1,
REStud,REStud202203_2,2022,3,17,0,2,15,2,
REStud,REStud202205_3,2022,5,15,0,0,15,0,
REStud,REStud202207_4,2022,7,15,0,0,15,0,
REStud,REStud202210_5,2022,10,15,0,0,15,0,
REStud,REStud202211_6,2022,11,15,0,0,15,0,
REStud,REStud202301_1,2023,1,15,0,0,15,0,
REStud,REStud202303_2,2023,3,16,0,0,15,1,
REStud,REStud202305_3,2023,5,15,0,0,15,0,
REStud,REStud202307_4,2023,7,17,0,2,15,2,
REStud,REStud202310_5,2023,10,17,0,1,16,1,
REStud,REStud202311_6,2023,11,17,0,1,16,1,
REStud,REStud202401_1,2024,1,19,0,3,16,3,
REStud,REStud202403_2,2024,3,17,0,1,16,1,
REStud,REStud202405_3,2024,5,16,0,0,16,0,
REStud,REStud202407_4,2024,7,20,0,3,17,3,
REStud,REStud202409_5,2024,9,20,0,0,20,0,
REStud,REStud202410_5,2024,10,18,0,1,17,1,
REStud,REStud202411_6,2024,11,18,0,1,17,1,
REStud,REStud202501_1,2025,1,18,0,0,18,0,
REStud,REStud202503_2,2025,3,18,0,0,18,0,
REStud,REStud202505_3,2025,5,20,0,0,20,0,
REStud,REStud202507_4,2025,7,20,0,0,20,0,
REStud,REStud202510_5,2025,10,20,0,0,20,0,
REStud,REStud202511_6,2025,11,21,0,1,20,1,
REStud,REStud202601_1,2026,1,20,0,0,20,0,
REStud,REStud202603_2,2026,3,20,0,0,20,0,
REStud,REStud202605_3,2026,5,21,0,1,19,2,"extraction_error:restud_REStud202605_3_religion, education, and the state"
REStud,REStud202607_4,2026,7,0,0,0,0,0,
